{
  "files": [
    {
      "filepath": "/Users/tfrydrychewicz/Documents/Code/contextcraft/packages/compression/__tests__/benchmarks/lossless-compressor.bench.ts",
      "groups": [
        {
          "fullName": "__tests__/benchmarks/lossless-compressor.bench.ts > LosslessCompressor benchmark",
          "benchmarks": [
            {
              "id": "-1481475512_0_0",
              "name": "compressText — verbose synthetic chat",
              "rank": 1,
              "rme": 0.8654409604230809,
              "samples": [],
              "totalTime": 500.08456300000125,
              "min": 0.21991700000000947,
              "max": 1.564457999999945,
              "hz": 3831.352018758466,
              "period": 0.26100446920668124,
              "mean": 0.26100446920668124,
              "variance": 0.0025448028465248937,
              "sd": 0.0504460389577308,
              "sem": 0.0011524691760456463,
              "df": 1915,
              "critical": 1.96,
              "moe": 0.0022588395850494667,
              "p75": 0.2559999999999718,
              "p99": 0.4472089999999298,
              "p995": 0.5069169999999303,
              "p999": 0.7880839999999694,
              "sampleCount": 1916,
              "median": 0.24995799999999235
            }
          ]
        }
      ]
    },
    {
      "filepath": "/Users/tfrydrychewicz/Documents/Code/contextcraft/packages/core/__tests__/benchmarks/context-scenarios.bench.ts",
      "groups": [
        {
          "fullName": "__tests__/benchmarks/context-scenarios.bench.ts > Context build benchmark — small-chat (50 messages, 2 slots)",
          "benchmarks": [
            {
              "id": "-791898174_0_0",
              "name": "Context.build()",
              "rank": 1,
              "rme": 4.217788639423345,
              "samples": [],
              "totalTime": 500.01970700000885,
              "min": 0.009667000000035841,
              "max": 6.886209000000008,
              "hz": 64531.45655717012,
              "period": 0.015496318436793282,
              "mean": 0.015496318436793282,
              "variance": 0.003588171035818861,
              "sd": 0.059901344190417476,
              "sem": 0.0003334703870183328,
              "df": 32266,
              "critical": 1.96,
              "moe": 0.0006536019585559323,
              "p75": 0.01229200000000219,
              "p99": 0.07399999999995543,
              "p995": 0.15354200000001583,
              "p999": 0.39812500000005,
              "sampleCount": 32267,
              "median": 0.011916999999925793
            }
          ]
        },
        {
          "fullName": "__tests__/benchmarks/context-scenarios.bench.ts > Context build benchmark — large-rag (500 chunks, 5 slots)",
          "benchmarks": [
            {
              "id": "-791898174_1_0",
              "name": "Context.build()",
              "rank": 1,
              "rme": 2.138203465987949,
              "samples": [],
              "totalTime": 503.8245370000095,
              "min": 0.07049999999981083,
              "max": 5.075833999999986,
              "hz": 11206.282317289944,
              "period": 0.08923566011335628,
              "mean": 0.08923566011335628,
              "variance": 0.005350614606525119,
              "sd": 0.07314789543469531,
              "sem": 0.0009734897844086784,
              "df": 5645,
              "critical": 1.96,
              "moe": 0.0019080399774410097,
              "p75": 0.08579200000008314,
              "p99": 0.27679200000011406,
              "p995": 0.32779200000004494,
              "p999": 0.4119590000000244,
              "sampleCount": 5646,
              "median": 0.08333299999981136
            }
          ]
        },
        {
          "fullName": "__tests__/benchmarks/context-scenarios.bench.ts > Context build benchmark — agent-loop (200 tool messages, 4 slots)",
          "benchmarks": [
            {
              "id": "-791898174_2_0",
              "name": "Context.build()",
              "rank": 1,
              "rme": 1.2196980751598911,
              "samples": [],
              "totalTime": 500.00145900001235,
              "min": 0.03083299999980227,
              "max": 0.7586670000000595,
              "hz": 23685.930884453093,
              "period": 0.04221915553491618,
              "mean": 0.04221915553491618,
              "variance": 0.0008174728695268362,
              "sd": 0.02859148246465783,
              "sem": 0.00026272766704496596,
              "df": 11842,
              "critical": 1.96,
              "moe": 0.0005149462274081333,
              "p75": 0.0388749999999618,
              "p99": 0.1823340000000826,
              "p995": 0.28004200000009405,
              "p999": 0.37458300000002964,
              "sampleCount": 11843,
              "median": 0.03791700000010678
            }
          ]
        },
        {
          "fullName": "__tests__/benchmarks/context-scenarios.bench.ts > Context build benchmark — stress-test (10_000 messages, 10 slots)",
          "benchmarks": [
            {
              "id": "-791898174_3_0",
              "name": "Context.build()",
              "rank": 1,
              "rme": 20.96718863355973,
              "samples": [],
              "totalTime": 500.68334700000196,
              "min": 1.4449580000000424,
              "max": 49.706125000000156,
              "hz": 435.40493468818954,
              "period": 2.29671260091744,
              "mean": 2.29671260091744,
              "variance": 13.159459808434585,
              "sd": 3.6275969743667207,
              "sem": 0.24569186908423243,
              "df": 217,
              "critical": 1.96,
              "moe": 0.48155606340509555,
              "p75": 2.0997910000000957,
              "p99": 16.49316699999963,
              "p995": 18.831624999999804,
              "p999": 49.706125000000156,
              "sampleCount": 218,
              "median": 1.763249999999971
            }
          ]
        }
      ]
    },
    {
      "filepath": "/Users/tfrydrychewicz/Documents/Code/contextcraft/packages/core/__tests__/benchmarks/example.bench.ts",
      "groups": [
        {
          "fullName": "__tests__/benchmarks/example.bench.ts > Test helpers benchmark",
          "benchmarks": [
            {
              "id": "-1552309891_0_0",
              "name": "makeItem x 1000",
              "rank": 2,
              "rme": 6.707194752973981,
              "samples": [],
              "totalTime": 500.02511199999344,
              "min": 0.023374999999987267,
              "max": 16.357374999999934,
              "hz": 31110.43750938694,
              "period": 0.03214355309848248,
              "mean": 0.03214355309848248,
              "variance": 0.01882155010431806,
              "sd": 0.1371916546453102,
              "sem": 0.0010999646463473584,
              "df": 15555,
              "critical": 1.96,
              "moe": 0.0021559307068408223,
              "p75": 0.028332999999975073,
              "p99": 0.10354200000000446,
              "p995": 0.1209999999999809,
              "p999": 0.304834000000028,
              "sampleCount": 15556,
              "median": 0.027541000000013582
            },
            {
              "id": "-1552309891_0_1",
              "name": "makeSlot with 10 items",
              "rank": 1,
              "rme": 3.220327372730287,
              "samples": [],
              "totalTime": 500.00056000002724,
              "min": 0.0006249999998999556,
              "max": 4.53512499999988,
              "hz": 981358.9008779775,
              "period": 0.001018995190348144,
              "mean": 0.001018995190348144,
              "variance": 0.00013754047797770623,
              "sd": 0.011727765259319707,
              "sem": 0.000016742337266115494,
              "df": 490679,
              "critical": 1.96,
              "moe": 0.00003281498104158637,
              "p75": 0.0008749999999508873,